"Territorio_ID","Territorio","Municipio"
"1","IRECÊ","América Dourada"
"1","IRECÊ","Barra do Mendes"
"1","IRECÊ","Barro Alto"
"1","IRECÊ","Cafarnaum"
"1","IRECÊ","Canarana"
"1","IRECÊ","Central"
"1","IRECÊ","Gentio do Ouro"
"1","IRECÊ","Ibipeba"
"1","IRECÊ","Ibititá"
"1","IRECÊ","Ipupiara"
"1","IRECÊ","Irecê"
"1","IRECÊ","Itaguaçu da Bahia"
"1","IRECÊ","João Dourado"
"1","IRECÊ","Jussara"
"1","IRECÊ","Lapão"
"1","IRECÊ","Mulungu do Morro"
"1","IRECÊ","Presidente Dutra"
"1","IRECÊ","São Gabriel"
"1","IRECÊ","Uibaí"
"1","IRECÊ","Xique-Xique"
"2","VELHO CHICO","Barra"
"2","VELHO CHICO","Bom Jesus da Lapa"
"2","VELHO CHICO","Brotas de Macaúbas"
"2","VELHO CHICO","Carinhanha"
"2","VELHO CHICO","Feira da Mata"
"2","VELHO CHICO","Ibotirama"
"2","VELHO CHICO","Igaporã"
"2","VELHO CHICO","Malhada"
"2","VELHO CHICO","Matina"
"2","VELHO CHICO","Morpará"
"2","VELHO CHICO","Muquém do São Francisco"
"2","VELHO CHICO","Oliveira dos Brejinhos"
"2","VELHO CHICO","Paratinga"
"2","VELHO CHICO","Riacho de Santana"
"2","VELHO CHICO","Serra do Ramalho"
"2","VELHO CHICO","Sítio do Mato"
"3","CHAPADA DIAMANTINA","Abaíra"
"3","CHAPADA DIAMANTINA","Andaraí"
"3","CHAPADA DIAMANTINA","Barra da Estiva"
"3","CHAPADA DIAMANTINA","Boninal"
"3","CHAPADA DIAMANTINA","Bonito"
"3","CHAPADA DIAMANTINA","Ibicoara"
"3","CHAPADA DIAMANTINA","Ibitiara"
"3","CHAPADA DIAMANTINA","Iraquara"
"3","CHAPADA DIAMANTINA","Itaetê"
"3","CHAPADA DIAMANTINA","Jussiape"
"3","CHAPADA DIAMANTINA","Lençóis"
"3","CHAPADA DIAMANTINA","Marcionílio Souza"
"3","CHAPADA DIAMANTINA","Morro do Chapéu"
"3","CHAPADA DIAMANTINA","Mucugê"
"3","CHAPADA DIAMANTINA","Nova Redenção"
"3","CHAPADA DIAMANTINA","Novo Horizonte"
"3","CHAPADA DIAMANTINA","Palmeiras"
"3","CHAPADA DIAMANTINA","Piatã"
"3","CHAPADA DIAMANTINA","Rio de Contas"
"3","CHAPADA DIAMANTINA","Seabra"
"3","CHAPADA DIAMANTINA","Souto Soares"
"3","CHAPADA DIAMANTINA","Utinga"
"3","CHAPADA DIAMANTINA","Wagner"
"4","SISAL","Araci"
"4","SISAL","Barrocas"
"4","SISAL","Biritinga"
"4","SISAL","Candeal"
"4","SISAL","Cansanção"
"4","SISAL","Conceição do Coité"
"4","SISAL","Ichu"
"4","SISAL","Itiúba"
"4","SISAL","Lamarão"
"4","SISAL","Monte Santo"
"4","SISAL","Nordestina"
"4","SISAL","Queimadas"
"4","SISAL","Quijingue"
"4","SISAL","Retirolândia"
"4","SISAL","Santa Luz"
"4","SISAL","São Domingos"
"4","SISAL","Serrinha"
"4","SISAL","Teofilândia"
"4","SISAL","Tucano"
"4","SISAL","Valente"
"5","LITORAL SUL","Almadina"
"5","LITORAL SUL","Arataca"
"5","LITORAL SUL","Aurelino Leal"
"5","LITORAL SUL","Barro Preto"
"5","LITORAL SUL","Buerarema"
"5","LITORAL SUL","Camacã"
"5","LITORAL SUL","Canavieiras"
"5","LITORAL SUL","Coaraci"
"5","LITORAL SUL","Floresta Azul"
"5","LITORAL SUL","Ibicaraí"
"5","LITORAL SUL","Ibirapitanga"
"5","LITORAL SUL","Ilhéus"
"5","LITORAL SUL","Itabuna"
"5","LITORAL SUL","Itacaré"
"5","LITORAL SUL","Itaju do Colônia"
"5","LITORAL SUL","Itajuípe"
"5","LITORAL SUL","Itapé"
"5","LITORAL SUL","Itapitanga"
"5","LITORAL SUL","Jussari"
"5","LITORAL SUL","Maraú"
"5","LITORAL SUL","Mascote"
"5","LITORAL SUL","Pau Brasil"
"5","LITORAL SUL","Santa Luzia"
"5","LITORAL SUL","São José da Vitória"
"5","LITORAL SUL","Ubaitaba"
"5","LITORAL SUL","Una"
"5","LITORAL SUL","Uruçuca"
"6","BAIXO SUL","Aratuipe"
"6","BAIXO SUL","Cairu"
"6","BAIXO SUL","Camamu"
"6","BAIXO SUL","Gandu"
"6","BAIXO SUL","Igrapiúna"
"6","BAIXO SUL","Ituberá"
"6","BAIXO SUL","Jaguaripe"
"6","BAIXO SUL","Nilo Peçanha"
"6","BAIXO SUL","Piraí do Norte"
"6","BAIXO SUL","Presidente Tancredo Neves"
"6","BAIXO SUL","Taperoá"
"6","BAIXO SUL","Teolândia"
"6","BAIXO SUL","Valença"
"6","BAIXO SUL","Wenceslau Guimarães"
"7","EXTREMO SUL","Alcobaça"
"7","EXTREMO SUL","Belmonte"
"7","EXTREMO SUL","Caravelas"
"7","EXTREMO SUL","Eunápolis"
"7","EXTREMO SUL","Guaratinga"
"7","EXTREMO SUL","Ibirapuã"
"7","EXTREMO SUL","Itabela"
"7","EXTREMO SUL","Itagimirim"
"7","EXTREMO SUL","Itamaraju"
"7","EXTREMO SUL","Itanhém"
"7","EXTREMO SUL","Itapebi"
"7","EXTREMO SUL","Jucuruçu"
"7","EXTREMO SUL","Lajedão"
"7","EXTREMO SUL","Medeiros Neto"
"7","EXTREMO SUL","Mucuri"
"7","EXTREMO SUL","Nova Viçosa"
"7","EXTREMO SUL","Porto Seguro"
"7","EXTREMO SUL","Prado"
"7","EXTREMO SUL","Santa Cruz Cabrália"
"7","EXTREMO SUL","Teixeira de Freitas"
"7","EXTREMO SUL","Vereda"
"8","ITAPETINGA","Caatiba"
"8","ITAPETINGA","Firmino Alves"
"8","ITAPETINGA","Ibicuí"
"8","ITAPETINGA","Iguaí"
"8","ITAPETINGA","Itambé"
"8","ITAPETINGA","Itapetinga"
"8","ITAPETINGA","Itarantim"
"8","ITAPETINGA","Itororó"
"8","ITAPETINGA","Macarani"
"8","ITAPETINGA","Maiquinique"
"8","ITAPETINGA","Nova Canaã"
"8","ITAPETINGA","Potiraguá"
"8","ITAPETINGA","Santa Cruz da Vitória"
"9","VALE DO JIQUIRIÇÁ","Amargosa"
"9","VALE DO JIQUIRIÇÁ","Brejões"
"9","VALE DO JIQUIRIÇÁ","Cravolândia"
"9","VALE DO JIQUIRIÇÁ","Elísio Medrado"
"9","VALE DO JIQUIRIÇÁ","Irajuba"
"9","VALE DO JIQUIRIÇÁ","Iramaia"
"9","VALE DO JIQUIRIÇÁ","Itaquara"
"9","VALE DO JIQUIRIÇÁ","Itiruçu"
"9","VALE DO JIQUIRIÇÁ","Jaguaquara"
"9","VALE DO JIQUIRIÇÁ","Jiquiriçá"
"9","VALE DO JIQUIRIÇÁ","Lafaiete Coutinho"
"9","VALE DO JIQUIRIÇÁ","Lagedo do Tabocal"
"9","VALE DO JIQUIRIÇÁ","Laje"
"9","VALE DO JIQUIRIÇÁ","Maracás"
"9","VALE DO JIQUIRIÇÁ","Milagres"
"9","VALE DO JIQUIRIÇÁ","Mutuípe"
"9","VALE DO JIQUIRIÇÁ","Nova Itarana"
"9","VALE DO JIQUIRIÇÁ","Planaltino"
"9","VALE DO JIQUIRIÇÁ","Santa Inês"
"9","VALE DO JIQUIRIÇÁ","São Miguel das Matas"
"9","VALE DO JIQUIRIÇÁ","Ubaíra"
"10","SERTÃO DO SÃO FRANCISCO","Campo Alegre de Lourdes"
"10","SERTÃO DO SÃO FRANCISCO","Canudos"
"10","SERTÃO DO SÃO FRANCISCO","Casa Nova"
"10","SERTÃO DO SÃO FRANCISCO","Curaçá"
"10","SERTÃO DO SÃO FRANCISCO","Juazeiro"
"10","SERTÃO DO SÃO FRANCISCO","Pilão Arcado"
"10","SERTÃO DO SÃO FRANCISCO","Remanso"
"10","SERTÃO DO SÃO FRANCISCO","Sento Sé"
"10","SERTÃO DO SÃO FRANCISCO","Sobradinho"
"10","SERTÃO DO SÃO FRANCISCO","Uauá"
"11","BACIA DO RIO GRANDE","Angical"
"11","BACIA DO RIO GRANDE","Baianópolis"
"11","BACIA DO RIO GRANDE","Barreiras"
"11","BACIA DO RIO GRANDE","Buritirama"
"11","BACIA DO RIO GRANDE","Catolândia"
"11","BACIA DO RIO GRANDE","Cotegipe"
"11","BACIA DO RIO GRANDE","Cristópolis"
"11","BACIA DO RIO GRANDE","Formosa do Rio Preto"
"11","BACIA DO RIO GRANDE","Luís Eduardo Magalhães"
"11","BACIA DO RIO GRANDE","Mansidão"
"11","BACIA DO RIO GRANDE","Riachão das Neves"
"11","BACIA DO RIO GRANDE","Santa Rita de Cássia"
"11","BACIA DO RIO GRANDE","São Desidério"
"11","BACIA DO RIO GRANDE","Wanderley"
"12","BACIA DA PARAMIRIM","Boquira"
"12","BACIA DA PARAMIRIM","Botuporã"
"12","BACIA DA PARAMIRIM","Caturama"
"12","BACIA DA PARAMIRIM","Érico Cardoso"
"12","BACIA DA PARAMIRIM","Ibipitanga"
"12","BACIA DA PARAMIRIM","Macaúbas"
"12","BACIA DA PARAMIRIM","Paramirim"
"12","BACIA DA PARAMIRIM","Rio do Pires"
"12","BACIA DA PARAMIRIM","Tanque Novo"
"13","SERTÃO PRODUTIVO","Brumado"
"13","SERTÃO PRODUTIVO","Caculé"
"13","SERTÃO PRODUTIVO","Caetité"
"13","SERTÃO PRODUTIVO","Candiba"
"13","SERTÃO PRODUTIVO","Contendas do Sincorá"
"13","SERTÃO PRODUTIVO","Dom Basílio"
"13","SERTÃO PRODUTIVO","Guanambi"
"13","SERTÃO PRODUTIVO","Ibiassucê"
"13","SERTÃO PRODUTIVO","Ituaçu"
"13","SERTÃO PRODUTIVO","Iuiu"
"13","SERTÃO PRODUTIVO","Lagoa Real"
"13","SERTÃO PRODUTIVO","Livramento de Nossa Senhora"
"13","SERTÃO PRODUTIVO","Malhada de Pedras"
"13","SERTÃO PRODUTIVO","Palmas de Monte Alto"
"13","SERTÃO PRODUTIVO","Pindaí"
"13","SERTÃO PRODUTIVO","Rio do Antônio"
"13","SERTÃO PRODUTIVO","Sebastião Laranjeiras"
"13","SERTÃO PRODUTIVO","Tanhaçu"
"13","SERTÃO PRODUTIVO","Urandi"
"14","PIEMONTE DO PARAGUAÇU","Boa Vista do Tupim"
"14","PIEMONTE DO PARAGUAÇU","Iaçu"
"14","PIEMONTE DO PARAGUAÇU","Ibiquera"
"14","PIEMONTE DO PARAGUAÇU","Itaberaba"
"14","PIEMONTE DO PARAGUAÇU","Itatim"
"14","PIEMONTE DO PARAGUAÇU","Lajedinho"
"14","PIEMONTE DO PARAGUAÇU","Macajuba"
"14","PIEMONTE DO PARAGUAÇU","Miguel Calmon"
"14","PIEMONTE DO PARAGUAÇU","Mundo Novo"
"14","PIEMONTE DO PARAGUAÇU","Piritiba"
"14","PIEMONTE DO PARAGUAÇU","Rafael Jambeiro"
"14","PIEMONTE DO PARAGUAÇU","Rui Barbosa"
"14","PIEMONTE DO PARAGUAÇU","Santa Terezinha"
"14","PIEMONTE DO PARAGUAÇU","Tapiramutá"
"15","BACIA DO JACUÍPE","Baixa Grande"
"15","BACIA DO JACUÍPE","Capela do Alto Alegre"
"15","BACIA DO JACUÍPE","Gavião"
"15","BACIA DO JACUÍPE","Ipirá"
"15","BACIA DO JACUÍPE","Mairi"
"15","BACIA DO JACUÍPE","Nova Fátima"
"15","BACIA DO JACUÍPE","Pé de Serra"
"15","BACIA DO JACUÍPE","Pintadas"
"15","BACIA DO JACUÍPE","Quixabeira"
"15","BACIA DO JACUÍPE","Riachão do Jacuípe"
"15","BACIA DO JACUÍPE","São José do Jacuípe"
"15","BACIA DO JACUÍPE","Serra Preta"
"15","BACIA DO JACUÍPE","Várzea da Roça"
"15","BACIA DO JACUÍPE","Várzea do Poço"
"16","PIEMONTE DA DIAMANTINA","Caém"
"16","PIEMONTE DA DIAMANTINA","Capim Grosso"
"16","PIEMONTE DA DIAMANTINA","Jacobina"
"16","PIEMONTE DA DIAMANTINA","Mirangaba"
"16","PIEMONTE DA DIAMANTINA","Ourolândia"
"16","PIEMONTE DA DIAMANTINA","Saúde"
"16","PIEMONTE DA DIAMANTINA","Serrolândia"
"16","PIEMONTE DA DIAMANTINA","Umburanas"
"16","PIEMONTE DA DIAMANTINA","Várzea Nova"
"17","SEMI-ÁRIDO NORDESTE II","Adustina"
"17","SEMI-ÁRIDO NORDESTE II","Antas"
"17","SEMI-ÁRIDO NORDESTE II","Banzaê"
"17","SEMI-ÁRIDO NORDESTE II","Cícero Dantas"
"17","SEMI-ÁRIDO NORDESTE II","Cipó"
"17","SEMI-ÁRIDO NORDESTE II","Coronel João Sá"
"17","SEMI-ÁRIDO NORDESTE II","Euclides da Cunha"
"17","SEMI-ÁRIDO NORDESTE II","Fátima"
"17","SEMI-ÁRIDO NORDESTE II","Heliópolis"
"17","SEMI-ÁRIDO NORDESTE II","Jeremoabo"
"17","SEMI-ÁRIDO NORDESTE II","Nova Soure"
"17","SEMI-ÁRIDO NORDESTE II","Novo Triunfo"
"17","SEMI-ÁRIDO NORDESTE II","Paripiranga"
"17","SEMI-ÁRIDO NORDESTE II","Pedro Alexandre"
"17","SEMI-ÁRIDO NORDESTE II","Ribeira do Amparo"
"17","SEMI-ÁRIDO NORDESTE II","Ribeira do Pombal"
"17","SEMI-ÁRIDO NORDESTE II","Santa Brígida"
"17","SEMI-ÁRIDO NORDESTE II","Sítio do Quinto"
"18","AGRESTE DE ALAGOINHAS / LITORAL NORTE","Acajutiba"
"18","AGRESTE DE ALAGOINHAS / LITORAL NORTE","Alagoinhas"
"18","AGRESTE DE ALAGOINHAS / LITORAL NORTE","Aporá"
"18","AGRESTE DE ALAGOINHAS / LITORAL NORTE","Araçás"
"18","AGRESTE DE ALAGOINHAS / LITORAL NORTE","Aramari"
"18","AGRESTE DE ALAGOINHAS / LITORAL NORTE","Cardeal da Silva"
"18","AGRESTE DE ALAGOINHAS / LITORAL NORTE","Catu"
"18","AGRESTE DE ALAGOINHAS / LITORAL NORTE","Conde"
"18","AGRESTE DE ALAGOINHAS / LITORAL NORTE","Crisópolis"
"18","AGRESTE DE ALAGOINHAS / LITORAL NORTE","Entre Rios"
"18","AGRESTE DE ALAGOINHAS / LITORAL NORTE","Esplanada"
"18","AGRESTE DE ALAGOINHAS / LITORAL NORTE","Inhambupe"
"18","AGRESTE DE ALAGOINHAS / LITORAL NORTE","Itanagra"
"18","AGRESTE DE ALAGOINHAS / LITORAL NORTE","Itapicuru"
"18","AGRESTE DE ALAGOINHAS / LITORAL NORTE","Jandaíra"
"18","AGRESTE DE ALAGOINHAS / LITORAL NORTE","Mata de São João"
"18","AGRESTE DE ALAGOINHAS / LITORAL NORTE","Olindina"
"18","AGRESTE DE ALAGOINHAS / LITORAL NORTE","Ouriçangas"
"18","AGRESTE DE ALAGOINHAS / LITORAL NORTE","Pedrão"
"18","AGRESTE DE ALAGOINHAS / LITORAL NORTE","Pojuca"
"18","AGRESTE DE ALAGOINHAS / LITORAL NORTE","Rio Real"
"18","AGRESTE DE ALAGOINHAS / LITORAL NORTE","Sátiro Dias"
"19","PORTAL DO SERTÃO","Água Fria"
"19","PORTAL DO SERTÃO","Amélia Rodrigues"
"19","PORTAL DO SERTÃO","Anguera"
"19","PORTAL DO SERTÃO","Antônio Cardoso"
"19","PORTAL DO SERTÃO","Conceição da Feira"
"19","PORTAL DO SERTÃO","Conceição do Jacuípe"
"19","PORTAL DO SERTÃO","Coração de Maria"
"19","PORTAL DO SERTÃO","Feira de Santana"
"19","PORTAL DO SERTÃO","Ipecaetá"
"19","PORTAL DO SERTÃO","Irará"
"19","PORTAL DO SERTÃO","Santa Bárbara"
"19","PORTAL DO SERTÃO","Santanópolis"
"19","PORTAL DO SERTÃO","Santo Estêvão"
"19","PORTAL DO SERTÃO","São Gonçalo dos Campos"
"19","PORTAL DO SERTÃO","Tanquinho"
"19","PORTAL DO SERTÃO","Teodoro Sampaio"
"19","PORTAL DO SERTÃO","Terra Nova"
"20","VITÓRIA DA CONQUISTA","Anagé"
"20","VITÓRIA DA CONQUISTA","Aracatu"
"20","VITÓRIA DA CONQUISTA","Barra do Choça"
"20","VITÓRIA DA CONQUISTA","Belo Campo"
"20","VITÓRIA DA CONQUISTA","Bom Jesus da Serra"
"20","VITÓRIA DA CONQUISTA","Caetanos"
"20","VITÓRIA DA CONQUISTA","Cândido Sales"
"20","VITÓRIA DA CONQUISTA","Caraíbas"
"20","VITÓRIA DA CONQUISTA","Condeúba"
"20","VITÓRIA DA CONQUISTA","Cordeiros"
"20","VITÓRIA DA CONQUISTA","Encruzilhada"
"20","VITÓRIA DA CONQUISTA","Guajeru"
"20","VITÓRIA DA CONQUISTA","Jacaraci"
"20","VITÓRIA DA CONQUISTA","Licínio de Almeida"
"20","VITÓRIA DA CONQUISTA","Maetinga"
"20","VITÓRIA DA CONQUISTA","Mirante"
"20","VITÓRIA DA CONQUISTA","Mortugaba"
"20","VITÓRIA DA CONQUISTA","Piripá"
"20","VITÓRIA DA CONQUISTA","Planalto"
"20","VITÓRIA DA CONQUISTA","Poções"
"20","VITÓRIA DA CONQUISTA","Presidente Jânio Quadros"
"20","VITÓRIA DA CONQUISTA","Ribeirão do Largo"
"20","VITÓRIA DA CONQUISTA","Tremedal"
"20","VITÓRIA DA CONQUISTA","Vitória da Conquista"
"21","RECÔNCAVO","Cabaceiras do Paraguaçu"
"21","RECÔNCAVO","Cachoeira"
"21","RECÔNCAVO","Castro Alves"
"21","RECÔNCAVO","Conceição do Almeida"
"21","RECÔNCAVO","Cruz das Almas"
"21","RECÔNCAVO","Dom Macedo Costa"
"21","RECÔNCAVO","Governador Mangabeira"
"21","RECÔNCAVO","Maragogipe"
"21","RECÔNCAVO","Muniz Ferreira"
"21","RECÔNCAVO","Muritiba"
"21","RECÔNCAVO","Nazaré"
"21","RECÔNCAVO","Santo Amaro"
"21","RECÔNCAVO","Santo Antônio de Jesus"
"21","RECÔNCAVO","São Felipe"
"21","RECÔNCAVO","São Félix"
"21","RECÔNCAVO","São Francisco do Conde"
"21","RECÔNCAVO","São Sebastião do Passé"
"21","RECÔNCAVO","Sapeaçu"
"21","RECÔNCAVO","Saubara"
"21","RECÔNCAVO","Varzedo"
"22","MÉDIO RIO DAS CONTAS","Aiquara"
"22","MÉDIO RIO DAS CONTAS","Apuarema"
"22","MÉDIO RIO DAS CONTAS","Barra do Rocha"
"22","MÉDIO RIO DAS CONTAS","Boa Nova"
"22","MÉDIO RIO DAS CONTAS","Dário Meira"
"22","MÉDIO RIO DAS CONTAS","Gongogi"
"22","MÉDIO RIO DAS CONTAS","Ibirataia"
"22","MÉDIO RIO DAS CONTAS","Ipiaú"
"22","MÉDIO RIO DAS CONTAS","Itagi"
"22","MÉDIO RIO DAS CONTAS","Itagibá"
"22","MÉDIO RIO DAS CONTAS","Itamari"
"22","MÉDIO RIO DAS CONTAS","Jequié"
"22","MÉDIO RIO DAS CONTAS","Jitaúna"
"22","MÉDIO RIO DAS CONTAS","Manoel Vitorino"
"22","MÉDIO RIO DAS CONTAS","Nova Ibiá"
"22","MÉDIO RIO DAS CONTAS","Ubatã"
"23","BACIA DO RIO CORRENTE","Brejolândia"
"23","BACIA DO RIO CORRENTE","Canápolis"
"23","BACIA DO RIO CORRENTE","Cocos"
"23","BACIA DO RIO CORRENTE","Coribe"
"23","BACIA DO RIO CORRENTE","Correntina"
"23","BACIA DO RIO CORRENTE","Jaborandi"
"23","BACIA DO RIO CORRENTE","Santa Maria da Vitória"
"23","BACIA DO RIO CORRENTE","Santana"
"23","BACIA DO RIO CORRENTE","São Félix do Coribe"
"23","BACIA DO RIO CORRENTE","Serra Dourada"
"23","BACIA DO RIO CORRENTE","Tabocas do Brejo Velho"
"24","ITAPARICA (BA/PE)","Abaré"
"24","ITAPARICA (BA/PE)","Chorrochó"
"24","ITAPARICA (BA/PE)","Glória"
"24","ITAPARICA (BA/PE)","Macururé"
"24","ITAPARICA (BA/PE)","Paulo Afonso"
"24","ITAPARICA (BA/PE)","Rodelas"
"25","PIEMONTE NORTE DO ITAPICURU","Andorinha"
"25","PIEMONTE NORTE DO ITAPICURU","Antônio Gonçalves"
"25","PIEMONTE NORTE DO ITAPICURU","Caldeirão Grande"
"25","PIEMONTE NORTE DO ITAPICURU","Campo Formoso"
"25","PIEMONTE NORTE DO ITAPICURU","Filadélfia"
"25","PIEMONTE NORTE DO ITAPICURU","Jaguarari"
"25","PIEMONTE NORTE DO ITAPICURU","Pindobaçu"
"25","PIEMONTE NORTE DO ITAPICURU","Ponto Novo"
"25","PIEMONTE NORTE DO ITAPICURU","Senhor do Bonfim"
"26","METROPOLITANA DE SALVADOR","Camaçari"
"26","METROPOLITANA DE SALVADOR","Candeias"
"26","METROPOLITANA DE SALVADOR","Dias D'Ávila"
"26","METROPOLITANA DE SALVADOR","Itaparica"
"26","METROPOLITANA DE SALVADOR","Lauro de Freitas"
"26","METROPOLITANA DE SALVADOR","Madre de Deus"
"26","METROPOLITANA DE SALVADOR","Salinas da Margarida"
"26","METROPOLITANA DE SALVADOR","Salvador"
"26","METROPOLITANA DE SALVADOR","Simões Filho"
"26","METROPOLITANA DE SALVADOR","Vera Cruz"